SampleID,language
S17601,Japanese
S17602,Russian
S17603,Latin
S17604,Pushto
S17605,Hindi
S17606,Portugese
S17607,Arabic
S17608,Persian
S17609,Hindi
S17610,Russian
S17611,Spanish
S17612,Persian
S17613,Persian
S17614,Russian
S17615,Russian
S17616,Dutch
S17617,Dutch
S17618,Estonian
S17619,Arabic
S17620,Arabic
S17621,Dutch
S17622,French
S17623,Dutch
S17624,Indonesian
S17625,Tamil
S17626,Thai
S17627,Swedish
S17628,Spanish
S17629,Swedish
S17630,Chinese
S17631,Urdu
S17632,Indonesian
S17633,Dutch
S17634,Hindi
S17635,Swedish
S17636,Indonesian
S17637,Tamil
S17638,Swedish
S17639,English
S17640,Latin
S17641,Hindi
S17642,Persian
S17643,Dutch
S17644,Portugese
S17645,Persian
S17646,Pushto
S17647,Tamil
S17648,Spanish
S17649,Romanian
S17650,Latin
S17651,Dutch
S17652,Romanian
S17653,Pushto
S17654,Dutch
S17655,Russian
S17656,French
S17657,Turkish
S17658,Arabic
S17659,Portugese
S17660,Portugese
S17661,Indonesian
S17662,Hindi
S17663,Latin
S17664,Turkish
S17665,Romanian
S17666,Turkish
S17667,Pushto
S17668,Romanian
S17669,Dutch
S17670,English
S17671,Portugese
S17672,French
S17673,Spanish
S17674,Dutch
S17675,Romanian
S17676,Turkish
S17677,Latin
S17678,Romanian
S17679,Spanish
S17680,Romanian
S17681,English
S17682,Estonian
S17683,English
S17684,Russian
S17685,Latin
S17686,Japanese
S17687,Hindi
S17688,Spanish
S17689,Latin
S17690,Russian
S17691,English
S17692,Portugese
S17693,Pushto
S17694,Tamil
S17695,Hindi
S17696,Dutch
S17697,Dutch
S17698,Hindi
S17699,Tamil
S17700,Latin
S17701,Dutch
S17702,Indonesian
S17703,Turkish
S17704,Turkish
S17705,Swedish
S17706,Persian
S17707,Indonesian
S17708,French
S17709,English
S17710,Dutch
S17711,Urdu
S17712,Spanish
S17713,Spanish
S17714,English
S17715,Turkish
S17716,Dutch
S17717,Spanish
S17718,Portugese
S17719,Spanish
S17720,Korean
S17721,Spanish
S17722,Tamil
S17723,English
S17724,Dutch
S17725,Thai
S17726,Thai
S17727,Urdu
S17728,Urdu
S17729,Tamil
S17730,Korean
S17731,Portugese
S17732,Chinese
S17733,Dutch
S17734,French
S17735,Persian
S17736,Japanese
S17737,Dutch
S17738,Thai
S17739,Indonesian
S17740,Persian
S17741,Portugese
S17742,Estonian
S17743,Urdu
S17744,Turkish
S17745,Estonian
S17746,Latin
S17747,Swedish
S17748,Estonian
S17749,Portugese
S17750,Russian
S17751,Romanian
S17752,Pushto
S17753,Tamil
S17754,Tamil
S17755,Turkish
S17756,Indonesian
S17757,English
S17758,Russian
S17759,Tamil
S17760,Russian
S17761,Portugese
S17762,Dutch
S17763,French
S17764,Romanian
S17765,Dutch
S17766,Russian
S17767,Korean
S17768,Russian
S17769,English
S17770,Dutch
S17771,French
S17772,Hindi
S17773,English
S17774,English
S17775,Urdu
S17776,Korean
S17777,Turkish
S17778,Persian
S17779,Dutch
S17780,Hindi
S17781,Arabic
S17782,Dutch
S17783,English
S17784,Turkish
S17785,Estonian
S17786,Arabic
S17787,Estonian
S17788,Thai
S17789,Romanian
S17790,French
S17791,Russian
S17792,Latin
S17793,Romanian
S17794,English
S17795,French
S17796,Japanese
S17797,English
S17798,Arabic
S17799,Estonian
S17800,Dutch
S17801,Thai
S17802,English
S17803,Portugese
S17804,English
S17805,Thai
S17806,Estonian
S17807,Urdu
S17808,Swedish
S17809,Estonian
S17810,Romanian
S17811,French
S17812,Hindi
S17813,English
S17814,Arabic
S17815,Romanian
S17816,Turkish
S17817,Estonian
S17818,Tamil
S17819,Spanish
S17820,Dutch
S17821,Dutch
S17822,English
S17823,Tamil
S17824,Hindi
S17825,Dutch
S17826,Dutch
S17827,Turkish
S17828,Romanian
S17829,Dutch
S17830,Dutch
S17831,Latin
S17832,Japanese
S17833,Estonian
S17834,Tamil
S17835,Dutch
S17836,Swedish
S17837,Spanish
S17838,Urdu
S17839,English
S17840,Turkish
S17841,Persian
S17842,Russian
S17843,Spanish
S17844,Urdu
S17845,French
S17846,Dutch
S17847,Russian
S17848,Tamil
S17849,English
S17850,Russian
S17851,Persian
S17852,Portugese
S17853,Dutch
S17854,Tamil
S17855,Tamil
S17856,Turkish
S17857,Portugese
S17858,Arabic
S17859,Hindi
S17860,Persian
S17861,Urdu
S17862,Turkish
S17863,Arabic
S17864,Pushto
S17865,English
S17866,Hindi
S17867,English
S17868,Romanian
S17869,Dutch
S17870,Hindi
S17871,Estonian
S17872,Indonesian
S17873,Thai
S17874,Portugese
S17875,Romanian
S17876,English
S17877,Korean
S17878,Urdu
S17879,English
S17880,Latin
S17881,Latin
S17882,Chinese
S17883,Pushto
S17884,Tamil
S17885,Pushto
S17886,Turkish
S17887,Indonesian
S17888,Turkish
S17889,Turkish
S17890,Dutch
S17891,Russian
S17892,Hindi
S17893,Indonesian
S17894,Russian
S17895,Arabic
S17896,Indonesian
S17897,Tamil
S17898,Dutch
S17899,Latin
S17900,Indonesian
S17901,Tamil
S17902,Indonesian
S17903,Thai
S17904,Korean
S17905,Russian
S17906,Urdu
S17907,Portugese
S17908,Portugese
S17909,Thai
S17910,Persian
S17911,Estonian
S17912,Dutch
S17913,Persian
S17914,Dutch
S17915,Russian
S17916,Portugese
S17917,Spanish
S17918,Hindi
S17919,Indonesian
S17920,Dutch
S17921,Portugese
S17922,Japanese
S17923,Russian
S17924,Spanish
S17925,Indonesian
S17926,Arabic
S17927,Korean
S17928,Estonian
S17929,French
S17930,Arabic
S17931,Indonesian
S17932,Hindi
S17933,Spanish
S17934,Urdu
S17935,Dutch
S17936,Indonesian
S17937,Romanian
S17938,Korean
S17939,Hindi
S17940,Portugese
S17941,English
S17942,Russian
S17943,Estonian
S17944,Estonian
S17945,Japanese
S17946,Swedish
S17947,English
S17948,Portugese
S17949,Indonesian
S17950,Indonesian
S17951,Dutch
S17952,Tamil
S17953,Urdu
S17954,Portugese
S17955,Persian
S17956,Pushto
S17957,Portugese
S17958,Korean
S17959,Romanian
S17960,Arabic
S17961,Indonesian
S17962,Tamil
S17963,English
S17964,Romanian
S17965,Dutch
S17966,Pushto
S17967,Persian
S17968,Turkish
S17969,Portugese
S17970,Japanese
S17971,Arabic
S17972,Russian
S17973,Turkish
S17974,Pushto
S17975,Russian
S17976,Russian
S17977,Korean
S17978,Tamil
S17979,Estonian
S17980,Hindi
S17981,Estonian
S17982,Swedish
S17983,Romanian
S17984,Arabic
S17985,Dutch
S17986,Thai
S17987,Thai
S17988,English
S17989,Dutch
S17990,Russian
S17991,Hindi
S17992,Thai
S17993,Estonian
S17994,Dutch
S17995,Romanian
S17996,Indonesian
S17997,Portugese
S17998,French
S17999,Pushto
S18000,French
S18001,English
S18002,Romanian
S18003,English
S18004,Indonesian
S18005,Spanish
S18006,Romanian
S18007,Urdu
S18008,French
S18009,Urdu
S18010,Swedish
S18011,Korean
S18012,Romanian
S18013,Dutch
S18014,Dutch
S18015,Romanian
S18016,Dutch
S18017,Portugese
S18018,Indonesian
S18019,Spanish
S18020,French
S18021,Romanian
S18022,Urdu
S18023,Indonesian
S18024,Pushto
S18025,Dutch
S18026,Thai
S18027,Swedish
S18028,Indonesian
S18029,Spanish
S18030,Indonesian
S18031,English
S18032,Russian
S18033,Persian
S18034,Pushto
S18035,Urdu
S18036,Swedish
S18037,Latin
S18038,Arabic
S18039,French
S18040,Urdu
S18041,Arabic
S18042,Dutch
S18043,English
S18044,Spanish
S18045,Thai
S18046,English
S18047,Dutch
S18048,Chinese
S18049,Spanish
S18050,Tamil
S18051,Arabic
S18052,Hindi
S18053,Dutch
S18054,Dutch
S18055,Thai
S18056,Arabic
S18057,Japanese
S18058,Estonian
S18059,Hindi
S18060,Spanish
S18061,Tamil
S18062,Romanian
S18063,Arabic
S18064,French
S18065,Hindi
S18066,Hindi
S18067,Persian
S18068,Turkish
S18069,Korean
S18070,Latin
S18071,Spanish
S18072,Persian
S18073,Pushto
S18074,Spanish
S18075,Hindi
S18076,Indonesian
S18077,Swedish
S18078,Turkish
S18079,Japanese
S18080,Latin
S18081,Estonian
S18082,Thai
S18083,Pushto
S18084,Indonesian
S18085,Latin
S18086,Dutch
S18087,Thai
S18088,Persian
S18089,Thai
S18090,Thai
S18091,Latin
S18092,Thai
S18093,Hindi
S18094,Romanian
S18095,Spanish
S18096,Korean
S18097,French
S18098,Arabic
S18099,Pushto
S18100,Tamil
S18101,English
S18102,Pushto
S18103,Japanese
S18104,Dutch
S18105,Hindi
S18106,Latin
S18107,Arabic
S18108,Japanese
S18109,French
S18110,Spanish
S18111,Korean
S18112,Arabic
S18113,French
S18114,Arabic
S18115,Persian
S18116,Hindi
S18117,Spanish
S18118,Urdu
S18119,Romanian
S18120,Romanian
S18121,Hindi
S18122,Korean
S18123,Japanese
S18124,Dutch
S18125,Persian
S18126,Dutch
S18127,Tamil
S18128,English
S18129,Dutch
S18130,French
S18131,Urdu
S18132,Pushto
S18133,Dutch
S18134,French
S18135,Persian
S18136,Russian
S18137,Pushto
S18138,French
S18139,Tamil
S18140,Estonian
S18141,Russian
S18142,English
S18143,Urdu
S18144,Dutch
S18145,Japanese
S18146,English
S18147,Turkish
S18148,Chinese
S18149,Arabic
S18150,French
S18151,Spanish
S18152,Indonesian
S18153,Korean
S18154,Arabic
S18155,Dutch
S18156,Spanish
S18157,Romanian
S18158,Dutch
S18159,Thai
S18160,French
S18161,Romanian
S18162,Pushto
S18163,Tamil
S18164,Indonesian
S18165,Pushto
S18166,Persian
S18167,Dutch
S18168,Swedish
S18169,Romanian
S18170,Urdu
S18171,Turkish
S18172,English
S18173,Russian
S18174,Thai
S18175,Latin
S18176,Dutch
S18177,Dutch
S18178,Portugese
S18179,Pushto
S18180,French
S18181,Estonian
S18182,Urdu
S18183,Spanish
S18184,Korean
S18185,Persian
S18186,Swedish
S18187,Urdu
S18188,Persian
S18189,Hindi
S18190,Dutch
S18191,Pushto
S18192,Dutch
S18193,Korean
S18194,Turkish
S18195,Swedish
S18196,Dutch
S18197,Japanese
S18198,Swedish
S18199,French
S18200,English
S18201,Arabic
S18202,English
S18203,Thai
S18204,Persian
S18205,Russian
S18206,Latin
S18207,Hindi
S18208,Persian
S18209,Spanish
S18210,English
S18211,Dutch
S18212,French
S18213,Swedish
S18214,Dutch
S18215,Russian
S18216,Arabic
S18217,Portugese
S18218,Chinese
S18219,Dutch
S18220,French
S18221,French
S18222,Spanish
S18223,Korean
S18224,Russian
S18225,Russian
S18226,Russian
S18227,Dutch
S18228,Korean
S18229,Indonesian
S18230,Chinese
S18231,Tamil
S18232,French
S18233,Japanese
S18234,Swedish
S18235,Turkish
S18236,Dutch
S18237,Korean
S18238,Indonesian
S18239,Russian
S18240,Russian
S18241,Korean
S18242,Hindi
S18243,Japanese
S18244,Estonian
S18245,Urdu
S18246,Urdu
S18247,Indonesian
S18248,Swedish
S18249,Turkish
S18250,Pushto
S18251,English
S18252,Indonesian
S18253,French
S18254,Russian
S18255,Hindi
S18256,Dutch
S18257,Thai
S18258,Urdu
S18259,Russian
S18260,Latin
S18261,Estonian
S18262,Portugese
S18263,Dutch
S18264,Arabic
S18265,Chinese
S18266,Chinese
S18267,Thai
S18268,Tamil
S18269,Arabic
S18270,Dutch
S18271,Persian
S18272,Dutch
S18273,Urdu
S18274,Romanian
S18275,English
S18276,Pushto
S18277,Dutch
S18278,Indonesian
S18279,Dutch
S18280,Estonian
S18281,Arabic
S18282,Swedish
S18283,Russian
S18284,Indonesian
S18285,Japanese
S18286,Thai
S18287,Estonian
S18288,Pushto
S18289,Russian
S18290,Arabic
S18291,French
S18292,Dutch
S18293,Thai
S18294,Arabic
S18295,Swedish
S18296,Romanian
S18297,Urdu
S18298,Tamil
S18299,Thai
S18300,Russian
S18301,Indonesian
S18302,Urdu
S18303,French
S18304,Portugese
S18305,Russian
S18306,Indonesian
S18307,Thai
S18308,Persian
S18309,Romanian
S18310,French
S18311,Indonesian
S18312,Turkish
S18313,Estonian
S18314,English
S18315,Romanian
S18316,Tamil
S18317,Russian
S18318,Hindi
S18319,Japanese
S18320,Korean
S18321,Korean
S18322,English
S18323,Arabic
S18324,Dutch
S18325,Arabic
S18326,Japanese
S18327,Romanian
S18328,Persian
S18329,Tamil
S18330,Hindi
S18331,Persian
S18332,Dutch
S18333,Spanish
S18334,Portugese
S18335,Korean
S18336,Pushto
S18337,Estonian
S18338,Dutch
S18339,Urdu
S18340,Tamil
S18341,Persian
S18342,Thai
S18343,Latin
S18344,English
S18345,Spanish
S18346,Dutch
S18347,French
S18348,Portugese
S18349,Korean
S18350,Portugese
S18351,Russian
S18352,Swedish
S18353,Romanian
S18354,Dutch
S18355,Spanish
S18356,Pushto
S18357,Romanian
S18358,Estonian
S18359,Spanish
S18360,Latin
S18361,Arabic
S18362,Urdu
S18363,Hindi
S18364,Urdu
S18365,Turkish
S18366,Turkish
S18367,Thai
S18368,Urdu
S18369,Russian
S18370,Dutch
S18371,Spanish
S18372,Dutch
S18373,Thai
S18374,Russian
S18375,Hindi
S18376,French
S18377,Hindi
S18378,Arabic
S18379,Tamil
S18380,Arabic
S18381,Urdu
S18382,Romanian
S18383,Tamil
S18384,French
S18385,Pushto
S18386,Persian
S18387,Chinese
S18388,Turkish
S18389,Dutch
S18390,Turkish
S18391,Japanese
S18392,Portugese
S18393,Portugese
S18394,Persian
S18395,French
S18396,Russian
S18397,Pushto
S18398,Portugese
S18399,Portugese
S18400,Estonian
S18401,Urdu
S18402,Turkish
S18403,Persian
S18404,Turkish
S18405,Pushto
S18406,Russian
S18407,Urdu
S18408,Turkish
S18409,Spanish
S18410,Thai
S18411,Persian
S18412,Russian
S18413,Latin
S18414,Hindi
S18415,Latin
S18416,Russian
S18417,Russian
S18418,Japanese
S18419,Portugese
S18420,Pushto
S18421,Hindi
S18422,French
S18423,Dutch
S18424,Portugese
S18425,Tamil
S18426,Chinese
S18427,Tamil
S18428,Arabic
S18429,Estonian
S18430,Indonesian
S18431,Hindi
S18432,Pushto
S18433,Estonian
S18434,Tamil
S18435,Portugese
S18436,Estonian
S18437,Romanian
S18438,Tamil
S18439,Portugese
S18440,English
S18441,Korean
S18442,Spanish
S18443,Dutch
S18444,Hindi
S18445,Arabic
S18446,Indonesian
S18447,Indonesian
S18448,Russian
S18449,Indonesian
S18450,Portugese
S18451,Korean
S18452,Urdu
S18453,French
S18454,Thai
S18455,Dutch
S18456,Turkish
S18457,Romanian
S18458,Tamil
S18459,Swedish
S18460,Turkish
S18461,Turkish
S18462,Indonesian
S18463,Persian
S18464,Estonian
S18465,Indonesian
S18466,Arabic
S18467,Latin
S18468,Estonian
S18469,Russian
S18470,Pushto
S18471,Russian
S18472,French
S18473,Japanese
S18474,French
S18475,English
S18476,Portugese
S18477,Latin
S18478,Hindi
S18479,Estonian
S18480,Persian
S18481,Dutch
S18482,Hindi
S18483,Hindi
S18484,Pushto
S18485,Pushto
S18486,French
S18487,Thai
S18488,Persian
S18489,Romanian
S18490,Dutch
S18491,Urdu
S18492,Dutch
S18493,Dutch
S18494,Urdu
S18495,Latin
S18496,Hindi
S18497,Spanish
S18498,Dutch
S18499,Thai
S18500,Indonesian
S18501,Persian
S18502,Urdu
S18503,French
S18504,Hindi
S18505,Thai
S18506,Turkish
S18507,English
S18508,Romanian
S18509,Romanian
S18510,Dutch
S18511,Spanish
S18512,Dutch
S18513,Korean
S18514,Hindi
S18515,Swedish
S18516,Spanish
S18517,Urdu
S18518,Korean
S18519,Dutch
S18520,Hindi
S18521,Turkish
S18522,Dutch
S18523,Dutch
S18524,Pushto
S18525,French
S18526,Indonesian
S18527,Korean
S18528,Korean
S18529,Urdu
S18530,Urdu
S18531,French
S18532,Urdu
S18533,Portugese
S18534,Arabic
S18535,Korean
S18536,Turkish
S18537,Japanese
S18538,Korean
S18539,Arabic
S18540,Thai
S18541,Persian
S18542,Dutch
S18543,English
S18544,Indonesian
S18545,Korean
S18546,Estonian
S18547,Arabic
S18548,English
S18549,Indonesian
S18550,Estonian
S18551,Urdu
S18552,Pushto
S18553,Latin
S18554,Chinese
S18555,Portugese
S18556,Dutch
S18557,Pushto
S18558,Pushto
S18559,Latin
S18560,Tamil
S18561,Latin
S18562,Swedish
S18563,Turkish
S18564,Tamil
S18565,Arabic
S18566,Pushto
S18567,Swedish
S18568,English
S18569,Dutch
S18570,Persian
S18571,Spanish
S18572,Romanian
S18573,Dutch
S18574,Estonian
S18575,Hindi
S18576,Persian
S18577,Latin
S18578,Arabic
S18579,Swedish
S18580,Hindi
S18581,Swedish
S18582,Swedish
S18583,Spanish
S18584,Estonian
S18585,Thai
S18586,Korean
S18587,Turkish
S18588,Japanese
S18589,Estonian
S18590,Dutch
S18591,Tamil
S18592,Arabic
S18593,Pushto
S18594,Indonesian
S18595,Swedish
S18596,Tamil
S18597,Russian
S18598,Spanish
S18599,Indonesian
S18600,English
S18601,Pushto
S18602,Thai
S18603,Dutch
S18604,English
S18605,Dutch
S18606,Latin
S18607,Indonesian
S18608,Estonian
S18609,Chinese
S18610,Tamil
S18611,Dutch
S18612,Dutch
S18613,Hindi
S18614,French
S18615,Urdu
S18616,Dutch
S18617,Korean
S18618,Dutch
S18619,Pushto
S18620,Spanish
S18621,Pushto
S18622,Spanish
S18623,Estonian
S18624,Persian
S18625,Pushto
S18626,Estonian
S18627,Romanian
S18628,Persian
S18629,Portugese
S18630,Tamil
S18631,Swedish
S18632,Tamil
S18633,Russian
S18634,Urdu
S18635,Korean
S18636,Estonian
S18637,Portugese
S18638,Turkish
S18639,Urdu
S18640,Tamil
S18641,Arabic
S18642,Arabic
S18643,Dutch
S18644,Russian
S18645,Chinese
S18646,Hindi
S18647,Dutch
S18648,Korean
S18649,Portugese
S18650,Turkish
S18651,French
S18652,Japanese
S18653,Portugese
S18654,Indonesian
S18655,French
S18656,French
S18657,Persian
S18658,Pushto
S18659,Arabic
S18660,Swedish
S18661,Spanish
S18662,Romanian
S18663,Thai
S18664,Korean
S18665,Russian
S18666,English
S18667,English
S18668,Arabic
S18669,Russian
S18670,Indonesian
S18671,Persian
S18672,Korean
S18673,Romanian
S18674,Turkish
S18675,Dutch
S18676,Russian
S18677,French
S18678,Indonesian
S18679,Arabic
S18680,Thai
S18681,Hindi
S18682,Portugese
S18683,Dutch
S18684,Hindi
S18685,English
S18686,Dutch
S18687,Portugese
S18688,Turkish
S18689,Thai
S18690,Dutch
S18691,Thai
S18692,Arabic
S18693,Dutch
S18694,Romanian
S18695,Estonian
S18696,Dutch
S18697,Persian
S18698,French
S18699,Dutch
S18700,Hindi
S18701,Indonesian
S18702,Latin
S18703,Urdu
S18704,Dutch
S18705,Arabic
S18706,Japanese
S18707,French
S18708,Romanian
S18709,Tamil
S18710,Spanish
S18711,Hindi
S18712,Portugese
S18713,Persian
S18714,Romanian
S18715,Romanian
S18716,Swedish
S18717,Turkish
S18718,Turkish
S18719,Chinese
S18720,Swedish
S18721,Romanian
S18722,Tamil
S18723,Portugese
S18724,Russian
S18725,Persian
S18726,Hindi
S18727,Dutch
S18728,Dutch
S18729,Persian
S18730,Korean
S18731,Dutch
S18732,Estonian
S18733,Romanian
S18734,Russian
S18735,Arabic
S18736,Thai
S18737,Tamil
S18738,Swedish
S18739,Turkish
S18740,Tamil
S18741,English
S18742,Tamil
S18743,Korean
S18744,Urdu
S18745,Japanese
S18746,Latin
S18747,Latin
S18748,Korean
S18749,Japanese
S18750,Russian
S18751,Indonesian
S18752,Dutch
S18753,Tamil
S18754,Hindi
S18755,Urdu
S18756,Korean
S18757,Persian
S18758,Latin
S18759,Dutch
S18760,Tamil
S18761,Thai
S18762,Thai
S18763,English
S18764,Arabic
S18765,Russian
S18766,Arabic
S18767,Portugese
S18768,Indonesian
S18769,Dutch
S18770,Pushto
S18771,Swedish
S18772,Persian
S18773,Dutch
S18774,Romanian
S18775,Thai
S18776,Persian
S18777,Spanish
S18778,Korean
S18779,Romanian
S18780,Swedish
S18781,Portugese
S18782,Romanian
S18783,Estonian
S18784,Dutch
S18785,Urdu
S18786,Swedish
S18787,Persian
S18788,French
S18789,Estonian
S18790,French
S18791,Swedish
S18792,Chinese
S18793,Urdu
S18794,Romanian
S18795,Dutch
S18796,Estonian
S18797,Russian
S18798,Hindi
S18799,Spanish
S18800,Arabic
S18801,Turkish
S18802,Hindi
S18803,Portugese
S18804,Dutch
S18805,Turkish
S18806,Spanish
S18807,Turkish
S18808,Dutch
S18809,Persian
S18810,Persian
S18811,English
S18812,English
S18813,Portugese
S18814,French
S18815,Persian
S18816,Portugese
S18817,Arabic
S18818,English
S18819,Dutch
S18820,Portugese
S18821,French
S18822,English
S18823,Arabic
S18824,Hindi
S18825,Dutch
S18826,Spanish
S18827,Thai
S18828,Korean
S18829,Dutch
S18830,Hindi
S18831,Romanian
S18832,Dutch
S18833,English
S18834,Hindi
S18835,French
S18836,Dutch
S18837,Dutch
S18838,Spanish
S18839,Tamil
S18840,Korean
S18841,Swedish
S18842,Indonesian
S18843,Hindi
S18844,Swedish
S18845,Portugese
S18846,English
S18847,Dutch
S18848,Chinese
S18849,Thai
S18850,Turkish
S18851,Dutch
S18852,Dutch
S18853,Latin
S18854,Turkish
S18855,Latin
S18856,Korean
S18857,Hindi
S18858,Turkish
S18859,Urdu
S18860,Tamil
S18861,Hindi
S18862,Tamil
S18863,Russian
S18864,Swedish
S18865,Chinese
S18866,Chinese
S18867,Turkish
S18868,Estonian
S18869,Russian
S18870,Arabic
S18871,Dutch
S18872,Spanish
S18873,Persian
S18874,Persian
S18875,Russian
S18876,Korean
S18877,Chinese
S18878,Russian
S18879,Russian
S18880,Persian
S18881,Tamil
S18882,Swedish
S18883,English
S18884,Russian
S18885,French
S18886,Swedish
S18887,Tamil
S18888,Persian
S18889,Japanese
S18890,Spanish
S18891,Dutch
S18892,Romanian
S18893,Urdu
S18894,Hindi
S18895,Korean
S18896,Indonesian
S18897,Turkish
S18898,Japanese
S18899,Dutch
S18900,Portugese
S18901,Hindi
S18902,Latin
S18903,Hindi
S18904,Portugese
S18905,Urdu
S18906,Swedish
S18907,Persian
S18908,Tamil
S18909,Chinese
S18910,Russian
S18911,Dutch
S18912,Dutch
S18913,Pushto
S18914,Urdu
S18915,Spanish
S18916,Korean
S18917,Latin
S18918,Dutch
S18919,Indonesian
S18920,English
S18921,Arabic
S18922,Romanian
S18923,Dutch
S18924,Russian
S18925,Spanish
S18926,English
S18927,Tamil
S18928,Japanese
S18929,Tamil
S18930,English
S18931,Spanish
S18932,Dutch
S18933,Hindi
S18934,Tamil
S18935,French
S18936,French
S18937,English
S18938,Estonian
S18939,French
S18940,Tamil
S18941,Spanish
S18942,Arabic
S18943,Persian
S18944,Thai
S18945,Urdu
S18946,Indonesian
S18947,Dutch
S18948,Portugese
S18949,French
S18950,Urdu
S18951,Pushto
S18952,Spanish
S18953,English
S18954,Russian
S18955,Hindi
S18956,Spanish
S18957,Russian
S18958,Pushto
S18959,Romanian
S18960,Pushto
S18961,Swedish
S18962,Romanian
S18963,Turkish
S18964,Pushto
S18965,Arabic
S18966,Dutch
S18967,Persian
S18968,Dutch
S18969,Persian
S18970,Pushto
S18971,Korean
S18972,Arabic
S18973,Turkish
S18974,Japanese
S18975,Hindi
S18976,Romanian
S18977,Latin
S18978,Dutch
S18979,Dutch
S18980,Thai
S18981,Arabic
S18982,Romanian
S18983,Dutch
S18984,English
S18985,Estonian
S18986,Dutch
S18987,Urdu
S18988,Persian
S18989,Thai
S18990,Portugese
S18991,Estonian
S18992,French
S18993,French
S18994,Arabic
S18995,Korean
S18996,English
S18997,Estonian
S18998,Estonian
S18999,Dutch
S19000,Urdu
S19001,Romanian
S19002,Latin
S19003,Korean
S19004,Indonesian
S19005,Russian
S19006,Latin
S19007,Portugese
S19008,Persian
S19009,Persian
S19010,Hindi
S19011,Tamil
S19012,Spanish
S19013,Hindi
S19014,Swedish
S19015,Turkish
S19016,Indonesian
S19017,Portugese
S19018,Persian
S19019,Korean
S19020,French
S19021,Estonian
S19022,Estonian
S19023,Estonian
S19024,Thai
S19025,Latin
S19026,Korean
S19027,Arabic
S19028,English
S19029,Dutch
S19030,Estonian
S19031,Russian
S19032,Portugese
S19033,Persian
S19034,Latin
S19035,Indonesian
S19036,Estonian
S19037,Portugese
S19038,Korean
S19039,Arabic
S19040,Urdu
S19041,Pushto
S19042,Persian
S19043,Romanian
S19044,Latin
S19045,Hindi
S19046,Pushto
S19047,Turkish
S19048,Indonesian
S19049,Arabic
S19050,Dutch
S19051,Hindi
S19052,Chinese
S19053,English
S19054,Portugese
S19055,Thai
S19056,Russian
S19057,Portugese
S19058,Dutch
S19059,Chinese
S19060,Indonesian
S19061,Urdu
S19062,Spanish
S19063,French
S19064,English
S19065,Romanian
S19066,Swedish
S19067,Russian
S19068,Dutch
S19069,Portugese
S19070,Pushto
S19071,Latin
S19072,Latin
S19073,Tamil
S19074,Dutch
S19075,Estonian
S19076,Latin
S19077,Latin
S19078,Pushto
S19079,Dutch
S19080,English
S19081,Portugese
S19082,Russian
S19083,Pushto
S19084,Turkish
S19085,Pushto
S19086,Dutch
S19087,Thai
S19088,Pushto
S19089,English
S19090,Swedish
S19091,Persian
S19092,Arabic
S19093,Indonesian
S19094,Indonesian
S19095,Turkish
S19096,Turkish
S19097,Chinese
S19098,Turkish
S19099,Urdu
S19100,Indonesian
S19101,Korean
S19102,Dutch
S19103,Hindi
S19104,Hindi
S19105,Pushto
S19106,Swedish
S19107,Swedish
S19108,Persian
S19109,Persian
S19110,Indonesian
S19111,Korean
S19112,Dutch
S19113,Urdu
S19114,Pushto
S19115,French
S19116,Estonian
S19117,Tamil
S19118,English
S19119,Thai
S19120,Pushto
S19121,Spanish
S19122,Estonian
S19123,Korean
S19124,Hindi
S19125,Indonesian
S19126,Romanian
S19127,Swedish
S19128,Swedish
S19129,Tamil
S19130,French
S19131,Pushto
S19132,French
S19133,Swedish
S19134,French
S19135,Turkish
S19136,Turkish
S19137,Urdu
S19138,Portugese
S19139,Turkish
S19140,Spanish
S19141,Portugese
S19142,Russian
S19143,Urdu
S19144,Estonian
S19145,Romanian
S19146,Hindi
S19147,Dutch
S19148,Portugese
S19149,Tamil
S19150,Dutch
S19151,Hindi
S19152,Dutch
S19153,Thai
S19154,French
S19155,Japanese
S19156,Urdu
S19157,French
S19158,Hindi
S19159,Spanish
S19160,Dutch
S19161,Arabic
S19162,Dutch
S19163,Pushto
S19164,Portugese
S19165,Dutch
S19166,Latin
S19167,Korean
S19168,Persian
S19169,Indonesian
S19170,Russian
S19171,Indonesian
S19172,English
S19173,French
S19174,Dutch
S19175,Arabic
S19176,English
S19177,Portugese
S19178,Swedish
S19179,Korean
S19180,Spanish
S19181,Dutch
S19182,Tamil
S19183,Estonian
S19184,Portugese
S19185,Turkish
S19186,Estonian
S19187,French
S19188,Persian
S19189,Turkish
S19190,Swedish
S19191,Portugese
S19192,Pushto
S19193,Tamil
S19194,Turkish
S19195,Turkish
S19196,Estonian
S19197,Urdu
S19198,Urdu
S19199,English
S19200,French
S19201,Spanish
S19202,Persian
S19203,French
S19204,Swedish
S19205,Swedish
S19206,Chinese
S19207,Pushto
S19208,Swedish
S19209,Arabic
S19210,English
S19211,Spanish
S19212,Dutch
S19213,Dutch
S19214,Dutch
S19215,Portugese
S19216,English
S19217,Hindi
S19218,Pushto
S19219,Turkish
S19220,Dutch
S19221,Arabic
S19222,Dutch
S19223,Turkish
S19224,Estonian
S19225,Hindi
S19226,Spanish
S19227,Urdu
S19228,Spanish
S19229,Thai
S19230,Latin
S19231,Thai
S19232,Chinese
S19233,Pushto
S19234,Arabic
S19235,French
S19236,Indonesian
S19237,Turkish
S19238,Turkish
S19239,Romanian
S19240,Persian
S19241,Japanese
S19242,Arabic
S19243,Indonesian
S19244,Thai
S19245,Latin
S19246,French
S19247,French
S19248,Swedish
S19249,Tamil
S19250,Korean
S19251,French
S19252,Latin
S19253,Swedish
S19254,Dutch
S19255,Swedish
S19256,Pushto
S19257,Turkish
S19258,Pushto
S19259,Spanish
S19260,Swedish
S19261,Portugese
S19262,Turkish
S19263,Russian
S19264,Latin
S19265,English
S19266,Hindi
S19267,Spanish
S19268,Pushto
S19269,Korean
S19270,Pushto
S19271,Japanese
S19272,French
S19273,Persian
S19274,Latin
S19275,Persian
S19276,Dutch
S19277,Persian
S19278,Dutch
S19279,Chinese
S19280,Urdu
S19281,Romanian
S19282,Indonesian
S19283,Arabic
S19284,English
S19285,Dutch
S19286,Thai
S19287,Persian
S19288,Spanish
S19289,English
S19290,Tamil
S19291,Spanish
S19292,Turkish
S19293,Romanian
S19294,Pushto
S19295,Pushto
S19296,Romanian
S19297,Hindi
S19298,Japanese
S19299,Turkish
S19300,Urdu
S19301,Dutch
S19302,Hindi
S19303,Estonian
S19304,French
S19305,Urdu
S19306,Russian
S19307,Spanish
S19308,Dutch
S19309,Arabic
S19310,Estonian
S19311,Arabic
S19312,Indonesian
S19313,Russian
S19314,Estonian
S19315,Estonian
S19316,English
S19317,Indonesian
S19318,Dutch
S19319,Dutch
S19320,Portugese
S19321,Spanish
S19322,French
S19323,Portugese
S19324,Arabic
S19325,Thai
S19326,Dutch
S19327,Pushto
S19328,English
S19329,Dutch
S19330,Indonesian
S19331,Dutch
S19332,Dutch
S19333,Portugese
S19334,Thai
S19335,Estonian
S19336,Romanian
S19337,Arabic
S19338,English
S19339,Turkish
S19340,Hindi
S19341,Swedish
S19342,Latin
S19343,Estonian
S19344,Arabic
S19345,Thai
S19346,Persian
S19347,Russian
S19348,Urdu
S19349,Pushto
S19350,Arabic
S19351,English
S19352,Tamil
S19353,Swedish
S19354,Spanish
S19355,Arabic
S19356,Turkish
S19357,Latin
S19358,Hindi
S19359,Latin
S19360,Thai
S19361,French
S19362,Dutch
S19363,Japanese
S19364,English
S19365,Persian
S19366,English
S19367,Estonian
S19368,Latin
S19369,Russian
S19370,Chinese
S19371,Pushto
S19372,Dutch
S19373,Arabic
S19374,Hindi
S19375,Thai
S19376,Tamil
S19377,Hindi
S19378,Dutch
S19379,Estonian
S19380,Korean
S19381,Turkish
S19382,Dutch
S19383,Swedish
S19384,Latin
S19385,Persian
S19386,Russian
S19387,Portugese
S19388,Korean
S19389,Portugese
S19390,Arabic
S19391,Swedish
S19392,Tamil
S19393,Indonesian
S19394,Arabic
S19395,Arabic
S19396,Swedish
S19397,Tamil
S19398,French
S19399,Arabic
S19400,Japanese
S19401,Dutch
S19402,Dutch
S19403,Persian
S19404,Dutch
S19405,Russian
S19406,Russian
S19407,Indonesian
S19408,Latin
S19409,Romanian
S19410,English
S19411,Urdu
S19412,Urdu
S19413,Swedish
S19414,Swedish
S19415,Persian
S19416,Russian
S19417,Indonesian
S19418,Spanish
S19419,Korean
S19420,Dutch
S19421,Persian
S19422,Portugese
S19423,Thai
S19424,Arabic
S19425,Romanian
S19426,Pushto
S19427,Hindi
S19428,Indonesian
S19429,Dutch
S19430,Korean
S19431,English
S19432,Urdu
S19433,Hindi
S19434,Persian
S19435,Urdu
S19436,Dutch
S19437,Indonesian
S19438,English
S19439,Tamil
S19440,English
S19441,Arabic
S19442,Hindi
S19443,Estonian
S19444,Dutch
S19445,English
S19446,Indonesian
S19447,Persian
S19448,Estonian
S19449,Arabic
S19450,Thai
S19451,Korean
S19452,Romanian
S19453,Persian
S19454,Arabic
S19455,Arabic
S19456,Urdu
S19457,Indonesian
S19458,Chinese
S19459,Dutch
S19460,Portugese
S19461,Persian
S19462,French
S19463,Thai
S19464,Latin
S19465,Latin
S19466,Hindi
S19467,Dutch
S19468,Persian
S19469,Dutch
S19470,French
S19471,Latin
S19472,Romanian
S19473,Arabic
S19474,Latin
S19475,Turkish
S19476,Portugese
S19477,Romanian
S19478,Spanish
S19479,Swedish
S19480,Latin
S19481,Dutch
S19482,Russian
S19483,Estonian
S19484,Korean
S19485,Hindi
S19486,Tamil
S19487,Russian
S19488,French
S19489,English
S19490,Persian
S19491,Russian
S19492,Latin
S19493,Spanish
S19494,Dutch
S19495,Latin
S19496,Estonian
S19497,Thai
S19498,Latin
S19499,Russian
S19500,Korean
S19501,English
S19502,Swedish
S19503,Spanish
S19504,Russian
S19505,Portugese
S19506,Korean
S19507,Spanish
S19508,Romanian
S19509,Latin
S19510,Russian
S19511,Russian
S19512,Pushto
S19513,Hindi
S19514,Dutch
S19515,Spanish
S19516,English
S19517,Pushto
S19518,Tamil
S19519,English
S19520,Korean
S19521,Dutch
S19522,English
S19523,Turkish
S19524,Russian
S19525,Swedish
S19526,Korean
S19527,Persian
S19528,Estonian
S19529,French
S19530,English
S19531,Japanese
S19532,Korean
S19533,Dutch
S19534,French
S19535,Korean
S19536,Dutch
S19537,Persian
S19538,Urdu
S19539,French
S19540,Persian
S19541,Romanian
S19542,Romanian
S19543,Tamil
S19544,Swedish
S19545,Latin
S19546,English
S19547,Latin
S19548,Russian
S19549,Indonesian
S19550,Portugese
S19551,Arabic
S19552,Tamil
S19553,English
S19554,Portugese
S19555,Dutch
S19556,Dutch
S19557,French
S19558,Pushto
S19559,Pushto
S19560,Russian
S19561,English
S19562,Spanish
S19563,Arabic
S19564,Thai
S19565,Portugese
S19566,Korean
S19567,Pushto
S19568,Latin
S19569,Turkish
S19570,French
S19571,Urdu
S19572,Hindi
S19573,Arabic
S19574,Portugese
S19575,Estonian
S19576,Thai
S19577,Indonesian
S19578,Estonian
S19579,French
S19580,Pushto
S19581,English
S19582,Urdu
S19583,Japanese
S19584,Dutch
S19585,Latin
S19586,Dutch
S19587,Portugese
S19588,Hindi
S19589,Urdu
S19590,Urdu
S19591,Persian
S19592,Latin
S19593,Dutch
S19594,Korean
S19595,Dutch
S19596,Portugese
S19597,Pushto
S19598,Hindi
S19599,Romanian
S19600,Thai
S19601,Dutch
S19602,English
S19603,Arabic
S19604,Pushto
S19605,Dutch
S19606,English
S19607,Swedish
S19608,Swedish
S19609,Tamil
S19610,Turkish
S19611,Hindi
S19612,French
S19613,Korean
S19614,Korean
S19615,Estonian
S19616,Russian
S19617,Arabic
S19618,Estonian
S19619,Urdu
S19620,Latin
S19621,Hindi
S19622,Spanish
S19623,Swedish
S19624,English
S19625,English
S19626,French
S19627,Dutch
S19628,Dutch
S19629,Persian
S19630,French
S19631,Arabic
S19632,Latin
S19633,Thai
S19634,Arabic
S19635,Turkish
S19636,French
S19637,English
S19638,Urdu
S19639,Estonian
S19640,Tamil
S19641,Tamil
S19642,Turkish
S19643,Estonian
S19644,Dutch
S19645,Spanish
S19646,Spanish
S19647,French
S19648,English
S19649,Persian
S19650,Latin
S19651,Romanian
S19652,Arabic
S19653,Persian
S19654,Indonesian
S19655,Turkish
S19656,Swedish
S19657,Persian
S19658,French
S19659,Hindi
S19660,Dutch
S19661,English
S19662,Spanish
S19663,Japanese
S19664,Romanian
S19665,Urdu
S19666,Dutch
S19667,Dutch
S19668,Hindi
S19669,Thai
S19670,Dutch
S19671,French
S19672,Indonesian
S19673,Thai
S19674,Romanian
S19675,Estonian
S19676,Indonesian
S19677,Latin
S19678,Romanian
S19679,Russian
S19680,French
S19681,Thai
S19682,Tamil
S19683,Indonesian
S19684,Russian
S19685,Hindi
S19686,Arabic
S19687,Spanish
S19688,Korean
S19689,Thai
S19690,Latin
S19691,Portugese
S19692,Swedish
S19693,Indonesian
S19694,Indonesian
S19695,Arabic
S19696,Latin
S19697,Chinese
S19698,Pushto
S19699,French
S19700,Spanish
S19701,English
S19702,Arabic
S19703,Korean
S19704,Persian
S19705,Swedish
S19706,Dutch
S19707,Arabic
S19708,Thai
S19709,Estonian
S19710,Chinese
S19711,English
S19712,Pushto
S19713,Persian
S19714,Tamil
S19715,English
S19716,Hindi
S19717,Romanian
S19718,Korean
S19719,Romanian
S19720,Tamil
S19721,Urdu
S19722,Latin
S19723,Dutch
S19724,Arabic
S19725,Pushto
S19726,Swedish
S19727,Estonian
S19728,Dutch
S19729,Pushto
S19730,Arabic
S19731,Chinese
S19732,Dutch
S19733,Dutch
S19734,Estonian
S19735,Latin
S19736,Pushto
S19737,Latin
S19738,Turkish
S19739,Spanish
S19740,Thai
S19741,Indonesian
S19742,Pushto
S19743,Arabic
S19744,Turkish
S19745,English
S19746,Portugese
S19747,Romanian
S19748,English
S19749,Latin
S19750,Thai
S19751,Arabic
S19752,Latin
S19753,Portugese
S19754,Swedish
S19755,Latin
S19756,Hindi
S19757,Dutch
S19758,Urdu
S19759,Romanian
S19760,Dutch
S19761,Indonesian
S19762,English
S19763,Turkish
S19764,Portugese
S19765,Urdu
S19766,English
S19767,Latin
S19768,Romanian
S19769,Thai
S19770,Hindi
S19771,Spanish
S19772,Dutch
S19773,Swedish
S19774,Thai
S19775,Tamil
S19776,English
S19777,Turkish
S19778,Pushto
S19779,Indonesian
S19780,Latin
S19781,Romanian
S19782,Urdu
S19783,Estonian
S19784,Latin
S19785,Estonian
S19786,Dutch
S19787,Indonesian
S19788,English
S19789,Turkish
S19790,Pushto
S19791,Tamil
S19792,Swedish
S19793,Dutch
S19794,Dutch
S19795,Swedish
S19796,Russian
S19797,Dutch
S19798,Korean
S19799,Dutch
S19800,Romanian
S19801,Latin
S19802,Russian
S19803,Pushto
S19804,Korean
S19805,Dutch
S19806,Romanian
S19807,Dutch
S19808,Indonesian
S19809,Spanish
S19810,Korean
S19811,Hindi
S19812,Latin
S19813,Urdu
S19814,Hindi
S19815,Turkish
S19816,English
S19817,Portugese
S19818,Persian
S19819,Thai
S19820,Tamil
S19821,Hindi
S19822,Chinese
S19823,Dutch
S19824,Korean
S19825,Thai
S19826,Spanish
S19827,Swedish
S19828,Indonesian
S19829,Romanian
S19830,Spanish
S19831,Japanese
S19832,Russian
S19833,Spanish
S19834,Portugese
S19835,Dutch
S19836,Romanian
S19837,English
S19838,Arabic
S19839,Latin
S19840,Hindi
S19841,Latin
S19842,Chinese
S19843,Indonesian
S19844,Indonesian
S19845,Dutch
S19846,Tamil
S19847,Spanish
S19848,Thai
S19849,Dutch
S19850,Turkish
S19851,Arabic
S19852,Japanese
S19853,Indonesian
S19854,Indonesian
S19855,Latin
S19856,Romanian
S19857,Tamil
S19858,Arabic
S19859,Indonesian
S19860,Russian
S19861,Turkish
S19862,Russian
S19863,Romanian
S19864,Russian
S19865,Estonian
S19866,Russian
S19867,French
S19868,Pushto
S19869,Thai
S19870,Tamil
S19871,Spanish
S19872,Pushto
S19873,Dutch
S19874,Dutch
S19875,Portugese
S19876,Tamil
S19877,English
S19878,Spanish
S19879,Swedish
S19880,Spanish
S19881,Arabic
S19882,Korean
S19883,Spanish
S19884,French
S19885,Turkish
S19886,Dutch
S19887,Dutch
S19888,Estonian
S19889,Pushto
S19890,Thai
S19891,Dutch
S19892,Korean
S19893,Swedish
S19894,Dutch
S19895,Portugese
S19896,Thai
S19897,Tamil
S19898,French
S19899,Japanese
S19900,Dutch
S19901,Russian
S19902,Dutch
S19903,Pushto
S19904,English
S19905,Arabic
S19906,Dutch
S19907,English
S19908,Korean
S19909,English
S19910,Estonian
S19911,Hindi
S19912,Latin
S19913,Estonian
S19914,Pushto
S19915,Latin
S19916,Swedish
S19917,Indonesian
S19918,Arabic
S19919,Persian
S19920,Urdu
S19921,Spanish
S19922,Swedish
S19923,Russian
S19924,Latin
S19925,Indonesian
S19926,Thai
S19927,Swedish
S19928,Tamil
S19929,Pushto
S19930,Urdu
S19931,Turkish
S19932,Swedish
S19933,Indonesian
S19934,Indonesian
S19935,Portugese
S19936,Hindi
S19937,Romanian
S19938,Urdu
S19939,English
S19940,Tamil
S19941,English
S19942,Romanian
S19943,Turkish
S19944,Latin
S19945,Pushto
S19946,English
S19947,Urdu
S19948,Tamil
S19949,Swedish
S19950,Estonian
S19951,Romanian
S19952,Hindi
S19953,Chinese
S19954,Dutch
S19955,Tamil
S19956,Arabic
S19957,Dutch
S19958,Dutch
S19959,Pushto
S19960,Tamil
S19961,Japanese
S19962,Estonian
S19963,Dutch
S19964,Pushto
S19965,English
S19966,Hindi
S19967,Arabic
S19968,Dutch
S19969,Tamil
S19970,Thai
S19971,Persian
S19972,Romanian
S19973,Pushto
S19974,Chinese
S19975,Estonian
S19976,Hindi
S19977,Thai
S19978,Turkish
S19979,Hindi
S19980,Chinese
S19981,Dutch
S19982,Arabic
S19983,Romanian
S19984,Indonesian
S19985,Dutch
S19986,Arabic
S19987,Estonian
S19988,Chinese
S19989,Portugese
S19990,Latin
S19991,Dutch
S19992,Korean
S19993,Swedish
S19994,Persian
S19995,Dutch
S19996,Spanish
S19997,Indonesian
S19998,English
S19999,Dutch
S20000,Korean
S20001,Russian
S20002,Spanish
S20003,Dutch
S20004,French
S20005,Japanese
S20006,Dutch
S20007,Dutch
S20008,Indonesian
S20009,French
S20010,Thai
S20011,Hindi
S20012,Korean
S20013,Urdu
S20014,Indonesian
S20015,Thai
S20016,French
S20017,Dutch
S20018,Dutch
S20019,English
S20020,Dutch
S20021,Latin
S20022,Portugese
S20023,Romanian
S20024,Turkish
S20025,Hindi
S20026,Portugese
S20027,Romanian
S20028,Dutch
S20029,Dutch
S20030,Russian
S20031,Japanese
S20032,French
S20033,Swedish
S20034,Arabic
S20035,Romanian
S20036,Estonian
S20037,Dutch
S20038,English
S20039,Korean
S20040,Pushto
S20041,Thai
S20042,Persian
S20043,Estonian
S20044,Thai
S20045,Japanese
S20046,Thai
S20047,Romanian
S20048,English
S20049,Russian
S20050,Spanish
S20051,Pushto
S20052,Dutch
S20053,Persian
S20054,Korean
S20055,Thai
S20056,Korean
S20057,Chinese
S20058,Indonesian
S20059,Russian
S20060,Estonian
S20061,Korean
S20062,Korean
S20063,French
S20064,French
S20065,Latin
S20066,Dutch
S20067,Dutch
S20068,Thai
S20069,Korean
S20070,Russian
S20071,Hindi
S20072,Latin
S20073,English
S20074,Spanish
S20075,Thai
S20076,Dutch
S20077,Latin
S20078,French
S20079,Indonesian
S20080,Portugese
S20081,English
S20082,French
S20083,Pushto
S20084,Indonesian
S20085,Japanese
S20086,French
S20087,Spanish
S20088,Korean
S20089,French
S20090,Swedish
S20091,Latin
S20092,Dutch
S20093,Thai
S20094,Hindi
S20095,Pushto
S20096,Latin
S20097,Swedish
S20098,Pushto
S20099,Dutch
S20100,Portugese
S20101,Indonesian
S20102,Turkish
S20103,Spanish
S20104,Russian
S20105,Dutch
S20106,Urdu
S20107,Turkish
S20108,French
S20109,Korean
S20110,Dutch
S20111,Persian
S20112,Estonian
S20113,Urdu
S20114,Latin
S20115,Persian
S20116,Dutch
S20117,Latin
S20118,Portugese
S20119,Thai
S20120,French
S20121,Spanish
S20122,Swedish
S20123,Korean
S20124,Estonian
S20125,Portugese
S20126,Turkish
S20127,Dutch
S20128,Thai
S20129,Arabic
S20130,Dutch
S20131,Arabic
S20132,English
S20133,Estonian
S20134,Dutch
S20135,Arabic
S20136,Spanish
S20137,Pushto
S20138,Arabic
S20139,Hindi
S20140,Dutch
S20141,Japanese
S20142,Dutch
S20143,Swedish
S20144,Estonian
S20145,Portugese
S20146,French
S20147,Urdu
S20148,Turkish
S20149,Russian
S20150,Spanish
S20151,Tamil
S20152,Russian
S20153,Hindi
S20154,Dutch
S20155,Hindi
S20156,Romanian
S20157,Dutch
S20158,Dutch
S20159,Swedish
S20160,Persian
S20161,Dutch
S20162,Estonian
S20163,Romanian
S20164,Dutch
S20165,Latin
S20166,Portugese
S20167,Urdu
S20168,Hindi
S20169,Korean
S20170,Indonesian
S20171,Tamil
S20172,Turkish
S20173,Latin
S20174,Tamil
S20175,Hindi
S20176,Tamil
S20177,Dutch
S20178,Latin
S20179,Tamil
S20180,French
S20181,Pushto
S20182,English
S20183,Urdu
S20184,French
S20185,Dutch
S20186,Pushto
S20187,Hindi
S20188,Urdu
S20189,Romanian
S20190,Dutch
S20191,Turkish
S20192,Estonian
S20193,Turkish
S20194,Dutch
S20195,Persian
S20196,Hindi
S20197,Pushto
S20198,Persian
S20199,Estonian
S20200,Portugese
S20201,Dutch
S20202,Dutch
S20203,Persian
S20204,Dutch
S20205,Thai
S20206,English
S20207,Portugese
S20208,Romanian
S20209,Turkish
S20210,Chinese
S20211,English
S20212,Portugese
S20213,Turkish
S20214,Korean
S20215,English
S20216,Arabic
S20217,English
S20218,Pushto
S20219,Urdu
S20220,Urdu
S20221,Russian
S20222,Thai
S20223,Turkish
S20224,Estonian
S20225,Indonesian
S20226,Urdu
S20227,Swedish
S20228,Romanian
S20229,Korean
S20230,Persian
S20231,French
S20232,Urdu
S20233,Turkish
S20234,English
S20235,Hindi
S20236,Indonesian
S20237,Indonesian
S20238,Russian
S20239,Spanish
S20240,Persian
S20241,Estonian
S20242,Spanish
S20243,Swedish
S20244,Thai
S20245,Arabic
S20246,French
S20247,Turkish
S20248,Dutch
S20249,Dutch
S20250,Dutch
S20251,Dutch
S20252,Portugese
S20253,Romanian
S20254,Thai
S20255,Turkish
S20256,French
S20257,Portugese
S20258,Estonian
S20259,Pushto
S20260,Urdu
S20261,Hindi
S20262,Arabic
S20263,Romanian
S20264,Indonesian
S20265,Portugese
S20266,French
S20267,Arabic
S20268,Estonian
S20269,Dutch
S20270,Chinese
S20271,Pushto
S20272,Hindi
S20273,Japanese
S20274,Tamil
S20275,Portugese
S20276,Estonian
S20277,Dutch
S20278,Russian
S20279,Latin
S20280,Russian
S20281,Japanese
S20282,Spanish
S20283,Russian
S20284,Estonian
S20285,French
S20286,Arabic
S20287,Spanish
S20288,Dutch
S20289,Japanese
S20290,Dutch
S20291,Dutch
S20292,Arabic
S20293,English
S20294,Chinese
S20295,Spanish
S20296,Portugese
S20297,Swedish
S20298,Tamil
S20299,Spanish
S20300,Urdu
S20301,Portugese
S20302,Romanian
S20303,Swedish
S20304,Russian
S20305,Dutch
S20306,Spanish
S20307,Dutch
S20308,Estonian
S20309,Latin
S20310,Spanish
S20311,Spanish
S20312,English
S20313,Persian
S20314,Spanish
S20315,Spanish
S20316,Dutch
S20317,Latin
S20318,Latin
S20319,Spanish
S20320,Tamil
S20321,Indonesian
S20322,Korean
S20323,Swedish
S20324,Swedish
S20325,Persian
S20326,Dutch
S20327,Russian
S20328,Korean
S20329,Hindi
S20330,Latin
S20331,Korean
S20332,Romanian
S20333,Dutch
S20334,Indonesian
S20335,Spanish
S20336,Romanian
S20337,Dutch
S20338,Russian
S20339,Dutch
S20340,Latin
S20341,English
S20342,Thai
S20343,French
S20344,French
S20345,Spanish
S20346,Hindi
S20347,Tamil
S20348,Tamil
S20349,Persian
S20350,English
S20351,Dutch
S20352,Indonesian
S20353,Chinese
S20354,Turkish
S20355,Latin
S20356,Spanish
S20357,Dutch
S20358,Dutch
S20359,Dutch
S20360,Indonesian
S20361,Arabic
S20362,Estonian
S20363,Tamil
S20364,Persian
S20365,Russian
S20366,Portugese
S20367,Romanian
S20368,Portugese
S20369,Latin
S20370,Turkish
S20371,Latin
S20372,Dutch
S20373,Urdu
S20374,French
S20375,French
S20376,Latin
S20377,Latin
S20378,French
S20379,Pushto
S20380,English
S20381,Tamil
S20382,Urdu
S20383,Estonian
S20384,Portugese
S20385,Swedish
S20386,Tamil
S20387,Thai
S20388,Pushto
S20389,French
S20390,Persian
S20391,English
S20392,Dutch
S20393,Indonesian
S20394,Russian
S20395,Chinese
S20396,Spanish
S20397,Korean
S20398,Indonesian
S20399,Persian
S20400,Tamil
S20401,Portugese
S20402,Romanian
S20403,Arabic
S20404,Russian
S20405,Tamil
S20406,Persian
S20407,French
S20408,Tamil
S20409,Tamil
S20410,Russian
S20411,Dutch
S20412,Romanian
S20413,Hindi
S20414,Indonesian
S20415,French
S20416,Swedish
S20417,Estonian
S20418,Romanian
S20419,Swedish
S20420,Arabic
S20421,Persian
S20422,Romanian
S20423,Pushto
S20424,Swedish
S20425,Japanese
S20426,Tamil
S20427,Thai
S20428,Korean
S20429,Russian
S20430,Portugese
S20431,Dutch
S20432,Russian
S20433,Dutch
S20434,Swedish
S20435,Persian
S20436,Estonian
S20437,Swedish
S20438,Indonesian
S20439,Spanish
S20440,Urdu
S20441,Thai
S20442,Estonian
S20443,Estonian
S20444,French
S20445,Persian
S20446,Korean
S20447,Hindi
S20448,Dutch
S20449,Latin
S20450,French
S20451,Estonian
S20452,Spanish
S20453,French
S20454,French
S20455,Korean
S20456,Persian
S20457,Thai
S20458,Japanese
S20459,Urdu
S20460,Chinese
S20461,Arabic
S20462,English
S20463,Russian
S20464,Romanian
S20465,Tamil
S20466,Portugese
S20467,Portugese
S20468,Korean
S20469,Dutch
S20470,Spanish
S20471,English
S20472,Russian
S20473,Swedish
S20474,Indonesian
S20475,Spanish
S20476,Tamil
S20477,Latin
S20478,French
S20479,Korean
S20480,Tamil
S20481,Romanian
S20482,Estonian
S20483,Urdu
S20484,Estonian
S20485,Chinese
S20486,Russian
S20487,Pushto
S20488,Arabic
S20489,Turkish
S20490,Latin
S20491,Latin
S20492,Korean
S20493,Portugese
S20494,Portugese
S20495,Romanian
S20496,English
S20497,Estonian
S20498,Portugese
S20499,Korean
S20500,Dutch
S20501,Persian
S20502,Urdu
S20503,English
S20504,Latin
S20505,Estonian
S20506,Arabic
S20507,Turkish
S20508,Dutch
S20509,Indonesian
S20510,Urdu
S20511,Urdu
S20512,Persian
S20513,Urdu
S20514,Spanish
S20515,Russian
S20516,Latin
S20517,Hindi
S20518,Korean
S20519,Estonian
S20520,Hindi
S20521,Persian
S20522,Turkish
S20523,Tamil
S20524,Indonesian
S20525,English
S20526,Latin
S20527,Portugese
S20528,Estonian
S20529,Swedish
S20530,Thai
S20531,Urdu
S20532,Urdu
S20533,Swedish
S20534,Dutch
S20535,Turkish
S20536,Romanian
S20537,Dutch
S20538,Estonian
S20539,Tamil
S20540,Swedish
S20541,Persian
S20542,Korean
S20543,Dutch
S20544,Turkish
S20545,Estonian
S20546,Pushto
S20547,Arabic
S20548,Dutch
S20549,Latin
S20550,Dutch
S20551,Pushto
S20552,Thai
S20553,Dutch
S20554,Dutch
S20555,Indonesian
S20556,Hindi
S20557,Tamil
S20558,English
S20559,Romanian
S20560,Arabic
S20561,Thai
S20562,Swedish
S20563,Turkish
S20564,Korean
S20565,Latin
S20566,Portugese
S20567,Arabic
S20568,French
S20569,Thai
S20570,Romanian
S20571,Swedish
S20572,Russian
S20573,Latin
S20574,Tamil
S20575,Hindi
S20576,Russian
S20577,Turkish
S20578,Korean
S20579,Estonian
S20580,Korean
S20581,Indonesian
S20582,Urdu
S20583,Turkish
S20584,Spanish
S20585,Dutch
S20586,Pushto
S20587,Spanish
S20588,Russian
S20589,Arabic
S20590,English
S20591,Russian
S20592,Russian
S20593,Portugese
S20594,English
S20595,French
S20596,Tamil
S20597,Estonian
S20598,Estonian
S20599,Spanish
S20600,Dutch
S20601,Korean
S20602,Swedish
S20603,Latin
S20604,Dutch
S20605,Dutch
S20606,Hindi
S20607,Hindi
S20608,Portugese
S20609,French
S20610,Turkish
S20611,Estonian
S20612,Urdu
S20613,Urdu
S20614,Pushto
S20615,Latin
S20616,Indonesian
S20617,Estonian
S20618,Portugese
S20619,Turkish
S20620,Chinese
S20621,French
S20622,Hindi
S20623,Pushto
S20624,Korean
S20625,Japanese
S20626,Persian
S20627,Turkish
S20628,Estonian
S20629,Thai
S20630,Pushto
S20631,Thai
S20632,Indonesian
S20633,Thai
S20634,Persian
S20635,English
S20636,Chinese
S20637,Dutch
S20638,Thai
S20639,Tamil
S20640,Urdu
S20641,Urdu
S20642,Indonesian
S20643,Spanish
S20644,Korean
S20645,Urdu
S20646,Swedish
S20647,Arabic
S20648,Persian
S20649,Hindi
S20650,Russian
S20651,Urdu
S20652,Thai
S20653,Hindi
S20654,Thai
S20655,Pushto
S20656,Dutch
S20657,Dutch
S20658,Indonesian
S20659,Persian
S20660,Urdu
S20661,Korean
S20662,Russian
S20663,Romanian
S20664,French
S20665,Thai
S20666,Turkish
S20667,Swedish
S20668,Urdu
S20669,Spanish
S20670,Chinese
S20671,Tamil
S20672,Urdu
S20673,Pushto
S20674,Japanese
S20675,English
S20676,Russian
S20677,Indonesian
S20678,Thai
S20679,Swedish
S20680,Dutch
S20681,Portugese
S20682,Hindi
S20683,Urdu
S20684,Spanish
S20685,Turkish
S20686,Swedish
S20687,Portugese
S20688,Estonian
S20689,Dutch
S20690,Russian
S20691,Thai
S20692,Dutch
S20693,Russian
S20694,Estonian
S20695,Hindi
S20696,Indonesian
S20697,Arabic
S20698,Romanian
S20699,Chinese
S20700,Indonesian
S20701,Pushto
S20702,Persian
S20703,Hindi
S20704,Indonesian
S20705,Chinese
S20706,Turkish
S20707,Arabic
S20708,Pushto
S20709,Indonesian
S20710,Urdu
S20711,Japanese
S20712,Indonesian
S20713,Dutch
S20714,Turkish
S20715,Spanish
S20716,Tamil
S20717,Tamil
S20718,Indonesian
S20719,French
S20720,Spanish
S20721,Indonesian
S20722,Spanish
S20723,Urdu
S20724,Swedish
S20725,English
S20726,Swedish
S20727,Romanian
S20728,Persian
S20729,Swedish
S20730,Pushto
S20731,Latin
S20732,Spanish
S20733,Latin
S20734,Latin
S20735,Urdu
S20736,Tamil
S20737,Romanian
S20738,English
S20739,Thai
S20740,Tamil
S20741,Dutch
S20742,Dutch
S20743,Portugese
S20744,Portugese
S20745,Dutch
S20746,Indonesian
S20747,Estonian
S20748,Dutch
S20749,Arabic
S20750,Turkish
S20751,Dutch
S20752,Tamil
S20753,Dutch
S20754,Spanish
S20755,Korean
S20756,French
S20757,Dutch
S20758,Thai
S20759,English
S20760,Hindi
S20761,Indonesian
S20762,Thai
S20763,Dutch
S20764,Japanese
S20765,Portugese
S20766,Estonian
S20767,French
S20768,Portugese
S20769,Russian
S20770,Dutch
S20771,Romanian
S20772,Dutch
S20773,Korean
S20774,Turkish
S20775,Tamil
S20776,Portugese
S20777,English
S20778,Russian
S20779,Dutch
S20780,Turkish
S20781,Romanian
S20782,Romanian
S20783,Latin
S20784,Dutch
S20785,Korean
S20786,Urdu
S20787,Thai
S20788,French
S20789,English
S20790,Portugese
S20791,Dutch
S20792,Spanish
S20793,Dutch
S20794,Urdu
S20795,Portugese
S20796,Tamil
S20797,Persian
S20798,Persian
S20799,Romanian
S20800,Tamil
S20801,Urdu
S20802,Latin
S20803,Turkish
S20804,Latin
S20805,English
S20806,Latin
S20807,Estonian
S20808,Dutch
S20809,Tamil
S20810,Latin
S20811,Arabic
S20812,Pushto
S20813,Persian
S20814,Tamil
S20815,English
S20816,Indonesian
S20817,English
S20818,Latin
S20819,Korean
S20820,English
S20821,Indonesian
S20822,Arabic
S20823,Indonesian
S20824,Latin
S20825,Chinese
S20826,Spanish
S20827,Hindi
S20828,Estonian
S20829,Turkish
S20830,Romanian
S20831,Thai
S20832,Turkish
S20833,Chinese
S20834,Latin
S20835,Swedish
S20836,English
S20837,English
S20838,Russian
S20839,French
S20840,English
S20841,Turkish
S20842,French
S20843,French
S20844,Hindi
S20845,English
S20846,French
S20847,Dutch
S20848,Portugese
S20849,Indonesian
S20850,Japanese
S20851,Dutch
S20852,Japanese
S20853,Turkish
S20854,Indonesian
S20855,Thai
S20856,Japanese
S20857,Persian
S20858,Turkish
S20859,English
S20860,Indonesian
S20861,Spanish
S20862,Romanian
S20863,Hindi
S20864,Latin
S20865,Russian
S20866,Dutch
S20867,Spanish
S20868,Spanish
S20869,Arabic
S20870,Korean
S20871,Swedish
S20872,Dutch
S20873,Dutch
S20874,Persian
S20875,Indonesian
S20876,Japanese
S20877,Indonesian
S20878,Latin
S20879,Arabic
S20880,Swedish
S20881,Persian
S20882,Pushto
S20883,Estonian
S20884,Spanish
S20885,Pushto
S20886,Chinese
S20887,Thai
S20888,Dutch
S20889,Tamil
S20890,Dutch
S20891,Dutch
S20892,Pushto
S20893,Urdu
S20894,Romanian
S20895,Estonian
S20896,Dutch
S20897,Spanish
S20898,Arabic
S20899,Persian
S20900,English
S20901,Arabic
S20902,Spanish
S20903,Arabic
S20904,Pushto
S20905,Arabic
S20906,Turkish
S20907,Dutch
S20908,Tamil
S20909,Arabic
S20910,Russian
S20911,Urdu
S20912,Swedish
S20913,Latin
S20914,Thai
S20915,Chinese
S20916,Hindi
S20917,Thai
S20918,English
S20919,Indonesian
S20920,Indonesian
S20921,Indonesian
S20922,Japanese
S20923,Dutch
S20924,Tamil
S20925,Swedish
S20926,English
S20927,Urdu
S20928,Swedish
S20929,Swedish
S20930,Portugese
S20931,Portugese
S20932,Pushto
S20933,Romanian
S20934,Urdu
S20935,English
S20936,Latin
S20937,English
S20938,English
S20939,Dutch
S20940,English
S20941,Korean
S20942,Thai
S20943,Arabic
S20944,Japanese
S20945,Spanish
S20946,Romanian
S20947,Turkish
S20948,Dutch
S20949,Estonian
S20950,English
S20951,Dutch
S20952,Swedish
S20953,Dutch
S20954,English
S20955,Latin
S20956,Latin
S20957,Korean
S20958,Spanish
S20959,English
S20960,Tamil
S20961,Arabic
S20962,English
S20963,Dutch
S20964,Japanese
S20965,Thai
S20966,Russian
S20967,Korean
S20968,Korean
S20969,Tamil
S20970,Portugese
S20971,Chinese
S20972,Hindi
S20973,Indonesian
S20974,Urdu
S20975,Turkish
S20976,Urdu
S20977,Korean
S20978,Korean
S20979,Thai
S20980,Indonesian
S20981,English
S20982,English
S20983,Dutch
S20984,Tamil
S20985,Portugese
S20986,French
S20987,Korean
S20988,Thai
S20989,Russian
S20990,English
S20991,Thai
S20992,Portugese
S20993,English
S20994,Estonian
S20995,Dutch
S20996,Dutch
S20997,Thai
S20998,Hindi
S20999,Arabic
S21000,Spanish
S21001,Tamil
S21002,Russian
S21003,Pushto
S21004,Pushto
S21005,Portugese
S21006,Russian
S21007,Turkish
S21008,Turkish
S21009,Russian
S21010,Thai
S21011,Persian
S21012,English
S21013,Romanian
S21014,Turkish
S21015,Romanian
S21016,Japanese
S21017,Dutch
S21018,Dutch
S21019,Indonesian
S21020,Dutch
S21021,Hindi
S21022,Russian
S21023,Russian
S21024,French
S21025,Korean
S21026,Portugese
S21027,Spanish
S21028,Swedish
S21029,Persian
S21030,French
S21031,Pushto
S21032,French
S21033,Romanian
S21034,Thai
S21035,Japanese
S21036,Swedish
S21037,Turkish
S21038,Turkish
S21039,Turkish
S21040,Portugese
S21041,Arabic
S21042,Dutch
S21043,Thai
S21044,Dutch
S21045,Turkish
S21046,Hindi
S21047,Chinese
S21048,French
S21049,Arabic
S21050,Swedish
S21051,Korean
S21052,Arabic
S21053,Spanish
S21054,Dutch
S21055,Tamil
S21056,Thai
S21057,Korean
S21058,Persian
S21059,Dutch
S21060,Persian
S21061,Pushto
S21062,Thai
S21063,Urdu
S21064,Dutch
S21065,Arabic
S21066,Tamil
S21067,Dutch
S21068,Urdu
S21069,Romanian
S21070,Pushto
S21071,Indonesian
S21072,Pushto
S21073,Persian
S21074,Dutch
S21075,Romanian
S21076,Tamil
S21077,French
S21078,Dutch
S21079,Persian
S21080,Dutch
S21081,Dutch
S21082,Chinese
S21083,Urdu
S21084,Korean
S21085,Turkish
S21086,Dutch
S21087,Hindi
S21088,Swedish
S21089,Thai
S21090,Romanian
S21091,Hindi
S21092,Indonesian
S21093,Spanish
S21094,Swedish
S21095,Turkish
S21096,Dutch
S21097,Urdu
S21098,Turkish
S21099,Spanish
S21100,Thai
S21101,Spanish
S21102,Pushto
S21103,Urdu
S21104,Estonian
S21105,Dutch
S21106,Spanish
S21107,Tamil
S21108,English
S21109,Pushto
S21110,Thai
S21111,Dutch
S21112,Romanian
S21113,Hindi
S21114,English
S21115,Hindi
S21116,Korean
S21117,Persian
S21118,Romanian
S21119,Portugese
S21120,French
S21121,Latin
S21122,English
S21123,Portugese
S21124,Indonesian
S21125,Tamil
S21126,Russian
S21127,Persian
S21128,Dutch
S21129,Hindi
S21130,Arabic
S21131,Dutch
S21132,Korean
S21133,Arabic
S21134,English
S21135,Chinese
S21136,Urdu
S21137,French
S21138,Latin
S21139,Hindi
S21140,Tamil
S21141,Estonian
S21142,Russian
S21143,Indonesian
S21144,Russian
S21145,Japanese
S21146,Thai
S21147,Estonian
S21148,Tamil
S21149,Thai
S21150,Korean
S21151,Urdu
S21152,Dutch
S21153,Arabic
S21154,Urdu
S21155,Latin
S21156,Pushto
S21157,Portugese
S21158,Pushto
S21159,Dutch
S21160,Korean
S21161,Korean
S21162,French
S21163,English
S21164,Hindi
S21165,Spanish
S21166,Portugese
S21167,Tamil
S21168,Estonian
S21169,French
S21170,Turkish
S21171,Hindi
S21172,Chinese
S21173,Russian
S21174,Russian
S21175,Tamil
S21176,Pushto
S21177,Turkish
S21178,Turkish
S21179,Korean
S21180,Urdu
S21181,Swedish
S21182,Portugese
S21183,Russian
S21184,Chinese
S21185,French
S21186,English
S21187,Swedish
S21188,Romanian
S21189,Arabic
S21190,Portugese
S21191,Turkish
S21192,Spanish
S21193,English
S21194,Korean
S21195,Dutch
S21196,Arabic
S21197,Tamil
S21198,English
S21199,Spanish
S21200,Tamil
S21201,Tamil
S21202,Pushto
S21203,Estonian
S21204,Persian
S21205,Spanish
S21206,Hindi
S21207,Latin
S21208,Tamil
S21209,Dutch
S21210,Urdu
S21211,Persian
S21212,French
S21213,Turkish
S21214,Thai
S21215,Urdu
S21216,Urdu
S21217,Indonesian
S21218,Indonesian
S21219,Dutch
S21220,Indonesian
S21221,Korean
S21222,Romanian
S21223,Tamil
S21224,Persian
S21225,Hindi
S21226,Persian
S21227,Romanian
S21228,Portugese
S21229,Estonian
S21230,Hindi
S21231,Portugese
S21232,Urdu
S21233,Dutch
S21234,Estonian
S21235,Turkish
S21236,Swedish
S21237,French
S21238,Hindi
S21239,English
S21240,Romanian
S21241,Hindi
S21242,Thai
S21243,Dutch
S21244,Turkish
S21245,Urdu
S21246,Portugese
S21247,Pushto
S21248,Thai
S21249,Swedish
S21250,Dutch
S21251,Thai
S21252,Indonesian
S21253,Korean
S21254,French
S21255,Romanian
S21256,Indonesian
S21257,Dutch
S21258,Arabic
S21259,Estonian
S21260,Chinese
S21261,Thai
S21262,Thai
S21263,Turkish
S21264,Tamil
S21265,Estonian
S21266,Russian
S21267,Thai
S21268,Romanian
S21269,Persian
S21270,Estonian
S21271,Swedish
S21272,Indonesian
S21273,Estonian
S21274,Dutch
S21275,French
S21276,Dutch
S21277,Arabic
S21278,Dutch
S21279,Pushto
S21280,Thai
S21281,Chinese
S21282,Thai
S21283,Tamil
S21284,English
S21285,Dutch
S21286,Urdu
S21287,Tamil
S21288,Pushto
S21289,Arabic
S21290,Thai
S21291,Korean
S21292,Russian
S21293,Indonesian
S21294,Urdu
S21295,Romanian
S21296,Pushto
S21297,Russian
S21298,Indonesian
S21299,Urdu
S21300,Hindi
S21301,Urdu
S21302,Persian
S21303,Dutch
S21304,Swedish
S21305,English
S21306,Hindi
S21307,Dutch
S21308,Turkish
S21309,Urdu
S21310,Portugese
S21311,Indonesian
S21312,Romanian
S21313,Spanish
S21314,Urdu
S21315,Persian
S21316,Spanish
S21317,Estonian
S21318,Estonian
S21319,English
S21320,Spanish
S21321,Hindi
S21322,Urdu
S21323,Hindi
S21324,Pushto
S21325,Indonesian
S21326,English
S21327,Persian
S21328,Urdu
S21329,Latin
S21330,Dutch
S21331,Estonian
S21332,Dutch
S21333,Pushto
S21334,Indonesian
S21335,Russian
S21336,Indonesian
S21337,Russian
S21338,Latin
S21339,English
S21340,Arabic
S21341,Latin
S21342,French
S21343,Dutch
S21344,Spanish
S21345,Estonian
S21346,Turkish
S21347,French
S21348,Pushto
S21349,Dutch
S21350,French
S21351,Pushto
S21352,English
S21353,Russian
S21354,Indonesian
S21355,Persian
S21356,Indonesian
S21357,Hindi
S21358,Dutch
S21359,Dutch
S21360,Romanian
S21361,French
S21362,English
S21363,Spanish
S21364,Dutch
S21365,Hindi
S21366,Persian
S21367,Korean
S21368,Dutch
S21369,Persian
S21370,Romanian
S21371,Latin
S21372,Russian
S21373,Romanian
S21374,Persian
S21375,Turkish
S21376,Indonesian
S21377,Dutch
S21378,Korean
S21379,Swedish
S21380,Persian
S21381,Spanish
S21382,English
S21383,English
S21384,Dutch
S21385,Romanian
S21386,Latin
S21387,Japanese
S21388,Urdu
S21389,Dutch
S21390,Dutch
S21391,Dutch
S21392,English
S21393,Turkish
S21394,Turkish
S21395,Korean
S21396,Pushto
S21397,Portugese
S21398,Thai
S21399,Persian
S21400,Turkish
S21401,Spanish
S21402,Dutch
S21403,English
S21404,Indonesian
S21405,English
S21406,Hindi
S21407,Pushto
S21408,Dutch
S21409,Hindi
S21410,Persian
S21411,Portugese
S21412,Russian
S21413,Korean
S21414,Dutch
S21415,Romanian
S21416,Arabic
S21417,Latin
S21418,Pushto
S21419,Thai
S21420,Indonesian
S21421,Tamil
S21422,French
S21423,Latin
S21424,Persian
S21425,Swedish
S21426,Latin
S21427,Urdu
S21428,Urdu
S21429,Portugese
S21430,Portugese
S21431,Spanish
S21432,Tamil
S21433,Dutch
S21434,Turkish
S21435,Korean
S21436,Thai
S21437,Estonian
S21438,Urdu
S21439,Spanish
S21440,Russian
S21441,Spanish
S21442,Korean
S21443,Urdu
S21444,Portugese
S21445,Latin
S21446,English
S21447,Spanish
S21448,Estonian
S21449,Chinese
S21450,Hindi
S21451,Russian
S21452,Indonesian
S21453,Spanish
S21454,Korean
S21455,Russian
S21456,Korean
S21457,Swedish
S21458,Pushto
S21459,Pushto
S21460,Estonian
S21461,Arabic
S21462,Dutch
S21463,French
S21464,Tamil
S21465,Korean
S21466,Persian
S21467,Portugese
S21468,Latin
S21469,Spanish
S21470,Latin
S21471,Hindi
S21472,Tamil
S21473,Russian
S21474,Pushto
S21475,French
S21476,Korean
S21477,Turkish
S21478,English
S21479,Dutch
S21480,Japanese
S21481,French
S21482,Japanese
S21483,Turkish
S21484,French
S21485,Hindi
S21486,Russian
S21487,Indonesian
S21488,Romanian
S21489,Thai
S21490,Arabic
S21491,English
S21492,Tamil
S21493,Romanian
S21494,Estonian
S21495,Pushto
S21496,Turkish
S21497,Portugese
S21498,Portugese
S21499,Arabic
S21500,Portugese
S21501,Hindi
S21502,Thai
S21503,Korean
S21504,Dutch
S21505,Russian
S21506,Hindi
S21507,Urdu
S21508,English
S21509,Hindi
S21510,Spanish
S21511,Dutch
S21512,Romanian
S21513,Persian
S21514,Pushto
S21515,Portugese
S21516,Arabic
S21517,Dutch
S21518,French
S21519,Urdu
S21520,Chinese
S21521,Arabic
S21522,Romanian
S21523,Romanian
S21524,Hindi
S21525,Persian
S21526,Latin
S21527,Persian
S21528,Thai
S21529,Dutch
S21530,Dutch
S21531,Persian
S21532,Spanish
S21533,Romanian
S21534,Arabic
S21535,French
S21536,Estonian
S21537,Urdu
S21538,Tamil
S21539,Pushto
S21540,Latin
S21541,Swedish
S21542,Korean
S21543,Indonesian
S21544,Estonian
S21545,French
S21546,Chinese
S21547,French
S21548,Persian
S21549,English
S21550,Hindi
S21551,Swedish
S21552,Dutch
S21553,Arabic
S21554,Estonian
S21555,Urdu
S21556,Tamil
S21557,Tamil
S21558,Latin
S21559,Latin
S21560,Arabic
S21561,Pushto
S21562,Dutch
S21563,Thai
S21564,Thai
S21565,Thai
S21566,Portugese
S21567,English
S21568,Hindi
S21569,Tamil
S21570,Indonesian
S21571,Thai
S21572,Arabic
S21573,Thai
S21574,Swedish
S21575,Tamil
S21576,Spanish
S21577,Persian
S21578,Korean
S21579,Japanese
S21580,Tamil
S21581,Portugese
S21582,Latin
S21583,Indonesian
S21584,Chinese
S21585,French
S21586,Tamil
S21587,Latin
S21588,Latin
S21589,Persian
S21590,Turkish
S21591,Turkish
S21592,Turkish
S21593,English
S21594,French
S21595,Turkish
S21596,Thai
S21597,Tamil
S21598,Korean
S21599,Turkish
S21600,Hindi
S21601,Russian
S21602,Swedish
S21603,Swedish
S21604,Romanian
S21605,Russian
S21606,Tamil
S21607,Korean
S21608,English
S21609,Pushto
S21610,Spanish
S21611,Urdu
S21612,Persian
S21613,Dutch
S21614,Tamil
S21615,Romanian
S21616,Dutch
S21617,Pushto
S21618,Arabic
S21619,Estonian
S21620,Urdu
S21621,Dutch
S21622,Turkish
S21623,Swedish
S21624,Russian
S21625,Turkish
S21626,Persian
S21627,Estonian
S21628,Romanian
S21629,Chinese
S21630,Swedish
S21631,Hindi
S21632,Arabic
S21633,Arabic
S21634,Arabic
S21635,Estonian
S21636,Dutch
S21637,English
S21638,Estonian
S21639,Pushto
S21640,English
S21641,Korean
S21642,Japanese
S21643,Turkish
S21644,Portugese
S21645,Romanian
S21646,Dutch
S21647,Swedish
S21648,Dutch
S21649,Romanian
S21650,Korean
S21651,Thai
S21652,English
S21653,Dutch
S21654,Chinese
S21655,Russian
S21656,Portugese
S21657,Pushto
S21658,Latin
S21659,Dutch
S21660,English
S21661,Pushto
S21662,Hindi
S21663,Romanian
S21664,Urdu
S21665,Korean
S21666,Tamil
S21667,Dutch
S21668,Japanese
S21669,Indonesian
S21670,Turkish
S21671,Swedish
S21672,Tamil
S21673,Estonian
S21674,Thai
S21675,Romanian
S21676,Romanian
S21677,Tamil
S21678,Dutch
S21679,Turkish
S21680,Turkish
S21681,Portugese
S21682,Pushto
S21683,Hindi
S21684,Tamil
S21685,Hindi
S21686,Japanese
S21687,Romanian
S21688,Romanian
S21689,Estonian
S21690,Estonian
S21691,Arabic
S21692,Pushto
S21693,Tamil
S21694,Urdu
S21695,Romanian
S21696,Portugese
S21697,Urdu
S21698,Swedish
S21699,Dutch
S21700,Persian
S21701,Swedish
S21702,Arabic
S21703,Latin
S21704,Portugese
S21705,Estonian
S21706,Russian
S21707,Tamil
S21708,Estonian
S21709,Dutch
S21710,Dutch
S21711,Spanish
S21712,Hindi
S21713,Turkish
S21714,Dutch
S21715,Dutch
S21716,Korean
S21717,Romanian
S21718,French
S21719,Latin
S21720,Arabic
S21721,Hindi
S21722,Swedish
S21723,Hindi
S21724,Indonesian
S21725,English
S21726,Japanese
S21727,Hindi
S21728,Hindi
S21729,Urdu
S21730,Dutch
S21731,Russian
S21732,Persian
S21733,Thai
S21734,Romanian
S21735,Persian
S21736,Indonesian
S21737,Russian
S21738,Chinese
S21739,Thai
S21740,Latin
S21741,Russian
S21742,Arabic
S21743,Tamil
S21744,French
S21745,Persian
S21746,Romanian
S21747,Pushto
S21748,English
S21749,Indonesian
S21750,Tamil
S21751,Thai
S21752,Spanish
S21753,Tamil
S21754,Latin
S21755,Estonian
S21756,Dutch
S21757,Romanian
S21758,Chinese
S21759,Portugese
S21760,English
S21761,Persian
S21762,Indonesian
S21763,Thai
S21764,Arabic
S21765,English
S21766,Urdu
S21767,Indonesian
S21768,Korean
S21769,Indonesian
S21770,Latin
S21771,Russian
S21772,Portugese
S21773,English
S21774,Japanese
S21775,Thai
S21776,Latin
S21777,Pushto
S21778,Thai
S21779,Swedish
S21780,Urdu
S21781,Korean
S21782,Portugese
S21783,Dutch
S21784,Tamil
S21785,Swedish
S21786,Hindi
S21787,Estonian
S21788,Pushto
S21789,Urdu
S21790,Dutch
S21791,English
S21792,Chinese
S21793,Urdu
S21794,English
S21795,Japanese
S21796,Dutch
S21797,Indonesian
S21798,Korean
S21799,Tamil
S21800,Thai
S21801,Russian
S21802,Estonian
S21803,Spanish
S21804,Estonian
S21805,Indonesian
S21806,Chinese
S21807,Dutch
S21808,Romanian
S21809,Dutch
S21810,Swedish
S21811,Portugese
S21812,Russian
S21813,Urdu
S21814,Russian
S21815,Latin
S21816,Hindi
S21817,Pushto
S21818,Romanian
S21819,Spanish
S21820,Arabic
S21821,Turkish
S21822,Pushto
S21823,Dutch
S21824,Tamil
S21825,Dutch
S21826,Swedish
S21827,Thai
S21828,Dutch
S21829,Russian
S21830,Romanian
S21831,Urdu
S21832,Estonian
S21833,Thai
S21834,Indonesian
S21835,Latin
S21836,Korean
S21837,Persian
S21838,Spanish
S21839,Pushto
S21840,Portugese
S21841,French
S21842,French
S21843,French
S21844,Indonesian
S21845,Russian
S21846,Persian
S21847,Latin
S21848,Indonesian
S21849,Hindi
S21850,Latin
S21851,Tamil
S21852,Swedish
S21853,Russian
S21854,Persian
S21855,Chinese
S21856,Urdu
S21857,Latin
S21858,Portugese
S21859,English
S21860,Latin
S21861,Hindi
S21862,Indonesian
S21863,Estonian
S21864,Russian
S21865,Latin
S21866,Thai
S21867,Thai
S21868,Romanian
S21869,Arabic
S21870,Thai
S21871,Thai
S21872,Arabic
S21873,Estonian
S21874,Latin
S21875,English
S21876,Turkish
S21877,Korean
S21878,Turkish
S21879,Spanish
S21880,Urdu
S21881,Latin
S21882,Urdu
S21883,Russian
S21884,Turkish
S21885,Indonesian
S21886,Portugese
S21887,Swedish
S21888,Spanish
S21889,Swedish
S21890,Swedish
S21891,Swedish
S21892,Spanish
S21893,Romanian
S21894,Spanish
S21895,Latin
S21896,Thai
S21897,Arabic
S21898,Turkish
S21899,Russian
S21900,Portugese
S21901,Latin
S21902,Indonesian
S21903,Romanian
S21904,Korean
S21905,Spanish
S21906,Latin
S21907,Portugese
S21908,Dutch
S21909,Persian
S21910,Arabic
S21911,English
S21912,Russian
S21913,Swedish
S21914,Arabic
S21915,Spanish
S21916,French
S21917,Thai
S21918,Pushto
S21919,Japanese
S21920,Arabic
S21921,Tamil
S21922,Estonian
S21923,Estonian
S21924,Thai
S21925,Pushto
S21926,Portugese
S21927,Tamil
S21928,Arabic
S21929,Japanese
S21930,Portugese
S21931,Urdu
S21932,Estonian
S21933,Latin
S21934,Persian
S21935,Swedish
S21936,Swedish
S21937,Russian
S21938,Korean
S21939,Urdu
S21940,Turkish
S21941,Dutch
S21942,Dutch
S21943,Latin
S21944,Turkish
S21945,Persian
S21946,Portugese
S21947,Tamil
S21948,Korean
S21949,Korean
S21950,Chinese
S21951,Estonian
S21952,Swedish
S21953,Dutch
S21954,Swedish
S21955,Dutch
S21956,Russian
S21957,Dutch
S21958,Urdu
S21959,Swedish
S21960,Latin
S21961,Dutch
S21962,Spanish
S21963,French
S21964,English
S21965,Turkish
S21966,English
S21967,Indonesian
S21968,Pushto
S21969,Estonian
S21970,Russian
S21971,Urdu
S21972,French
S21973,Russian
S21974,Romanian
S21975,Korean
S21976,Dutch
S21977,Turkish
S21978,Swedish
S21979,Turkish
S21980,Swedish
S21981,Persian
S21982,Latin
S21983,Russian
S21984,Hindi
S21985,Russian
S21986,Urdu
S21987,Portugese
S21988,Hindi
S21989,Indonesian
S21990,Swedish
S21991,Urdu
S21992,Korean
S21993,Indonesian
S21994,Korean
S21995,Indonesian
S21996,Dutch
S21997,Chinese
S21998,English
S21999,Pushto
S22000,Dutch
